image_sha256,rva,analytical_name,symbol_kind,category,confidence,production_role,apply_name,legacy_fallback_rva,evidence,sources
D1A84083C6C7C7902162FF098F7D86812839AA6B3575959398857E539C488134,0x959DF0,ERUI_OptionSetting_GameOptionsRootMaterializer,function,option_setting,confirmed,hook,true,0x958C50,"Unique direct AOB and repeated live construction of the visible Game Options root rows.","src/addresses.cpp; src/addresses.hpp; docs/research/case-studies/settings-pages-and-pagination.md"
D1A84083C6C7C7902162FF098F7D86812839AA6B3575959398857E539C488134,0x959320,ERUI_OptionSetting_CameraPanelMaterializer,function,option_setting,confirmed,hook,true,0x959320,"Category 1 wrapper 0x93CB70 stores this two-argument target; static decompilation and a bounded live factory observation identify the returned OptionSettingDialog as Camera Options. The exact prologue is a unique AOB. Vanilla currently fills all seven CameraSetting slots, so mutation fails closed until that GFX panel is expanded.","src/addresses.cpp; src/addresses.hpp; src/hooks.cpp; docs/research/architecture/configuration-class-map.md"
D1A84083C6C7C7902162FF098F7D86812839AA6B3575959398857E539C488134,0x95D540,ERUI_OptionSetting_DisplayPanelMaterializer,function,option_setting,confirmed,hook,true,0x95D540,"Native category 2 two-argument materializer; bounded live injection rendered an interactive action row and owned alert on Display. Production validates the ordinary page vtable and live capacity/count after calling vanilla.","src/addresses.cpp; src/addresses.hpp; src/hooks.cpp; docs/research/case-studies/settings-pages-and-pagination.md"
D1A84083C6C7C7902162FF098F7D86812839AA6B3575959398857E539C488134,0x959090,ERUI_OptionSetting_SoundPanelMaterializer,function,option_setting,confirmed,hook,true,0x959090,"Native category 3 two-argument materializer; bounded live injection rendered an interactive action row and owned alert on Sound. Production validates the ordinary page vtable and live capacity/count after calling vanilla.","src/addresses.cpp; src/addresses.hpp; src/hooks.cpp; docs/research/case-studies/settings-pages-and-pagination.md"
D1A84083C6C7C7902162FF098F7D86812839AA6B3575959398857E539C488134,0x95AD00,ERUI_OptionSetting_NetworkPanelMaterializer,function,option_setting,confirmed,hook,true,0x95AD00,"Native category 5 two-argument materializer; bounded live injection rendered an interactive action row and owned alert on Network. Production validates the ordinary page vtable and live capacity/count after calling vanilla.","src/addresses.cpp; src/addresses.hpp; src/hooks.cpp; docs/research/case-studies/settings-pages-and-pagination.md"
D1A84083C6C7C7902162FF098F7D86812839AA6B3575959398857E539C488134,0x95CB30,ERUI_OptionSetting_KeyboardMousePanelMaterializer,function,option_setting,confirmed,hook,true,0x95CB30,"Native category 7 two-argument materializer; bounded live injection rendered an interactive action row and owned alert on Keyboard/Mouse Settings. Production validates the ordinary page vtable and live capacity/count after calling vanilla.","src/addresses.cpp; src/addresses.hpp; src/hooks.cpp; docs/research/case-studies/settings-pages-and-pagination.md"
D1A84083C6C7C7902162FF098F7D86812839AA6B3575959398857E539C488134,0x95C050,ERUI_OptionSetting_GraphicsPanelMaterializer,function,option_setting,confirmed,hook,true,0x95C050,"Native category 8 two-argument materializer; bounded live injection rendered an interactive action row and owned alert on Graphics. Production validates the ordinary page vtable and live capacity/count after calling vanilla.","src/addresses.cpp; src/addresses.hpp; src/hooks.cpp; docs/research/case-studies/settings-pages-and-pagination.md"
D1A84083C6C7C7902162FF098F7D86812839AA6B3575959398857E539C488134,0x95B770,ERUI_OptionSetting_SubpageHandler,function,option_setting,confirmed,hook,true,0x95A5D0,"Unique direct AOB and repeated live construction of native child pages.","src/addresses.cpp; src/addresses.hpp; docs/research/case-studies/settings-pages-and-pagination.md"
D1A84083C6C7C7902162FF098F7D86812839AA6B3575959398857E539C488134,0x950850,ERUI_OptionSetting_OpenSubpage,function,option_setting,confirmed,call,true,0x94FA20,"Unique direct AOB; pushes the supplied parent slot into the native child-page path.","src/addresses.cpp; src/addresses.hpp; docs/research/case-studies/settings-pages-and-pagination.md"
D1A84083C6C7C7902162FF098F7D86812839AA6B3575959398857E539C488134,0x955550,ERUI_OptionSetting_ConstructOnOffList,function,row_support,confirmed,call,true,0x955550,"Validated constructor used to build the native toggle choice data.","src/addresses.cpp; src/addresses.hpp; docs/research/case-studies/settings-pages-and-pagination.md"
D1A84083C6C7C7902162FF098F7D86812839AA6B3575959398857E539C488134,0x86A2F0,ERUI_OptionSetting_ConstructMenuContext,function,row_support,confirmed,call,true,0x869300,"Unique direct AOB and successful live row construction with its result.","src/addresses.cpp; src/addresses.hpp; docs/research/case-studies/settings-pages-and-pagination.md"
D1A84083C6C7C7902162FF098F7D86812839AA6B3575959398857E539C488134,0x7615E0,ERUI_TextReference_ConstructHelp,function,text,confirmed,call,true,0x760790,"Validated constructor for the help member of a native row text-reference object.","src/addresses.cpp; src/addresses.hpp; docs/research/case-studies/settings-pages-and-pagination.md"
D1A84083C6C7C7902162FF098F7D86812839AA6B3575959398857E539C488134,0x7617C0,ERUI_TextReference_ConstructLabel,function,text,confirmed,call,true,0x760970,"Unique rel32 call target and successful native row-label construction.","src/addresses.cpp; src/addresses.hpp; docs/research/case-studies/settings-pages-and-pagination.md"
D1A84083C6C7C7902162FF098F7D86812839AA6B3575959398857E539C488134,0x958210,ERUI_OptionSetting_ConstructGameOptionsRootButtonTextReferences,function,text,confirmed,call,true,,"Validated function used by vanilla Advanced Settings and required for visible Game Options root button labels.","src/addresses.cpp; src/addresses.hpp"
D1A84083C6C7C7902162FF098F7D86812839AA6B3575959398857E539C488134,0x763BA0,ERUI_TextReference_ConstructRootButtonDisplay,function,text,confirmed,call,true,,"Validated display-text constructor for Game Options root action rows.","src/addresses.cpp; src/addresses.hpp"
D1A84083C6C7C7902162FF098F7D86812839AA6B3575959398857E539C488134,0x94A140,ERUI_OptionSetting_AddToggleRow,function,row_constructor,confirmed,call,true,0x948FA0,"Unique vanilla call target plus prologue validation; live custom toggle rows persist and dispatch correctly.","src/addresses.cpp; src/addresses.hpp; docs/research/case-studies/settings-pages-and-pagination.md"
D1A84083C6C7C7902162FF098F7D86812839AA6B3575959398857E539C488134,0x94A2C0,ERUI_OptionSetting_AddInlineChoiceRow,function,row_constructor,confirmed,call,true,0x949120,"Distinctive repeated Graphics-row call target plus prologue validation; live arbitrary inline choices work.","src/addresses.cpp; src/addresses.hpp; docs/research/case-studies/settings-pages-and-pagination.md"
D1A84083C6C7C7902162FF098F7D86812839AA6B3575959398857E539C488134,0x86A410,ERUI_OptionSetting_ConstructInlineChoiceContext,function,row_support,confirmed,call,true,,"Validated constructor for the inline choice row's dedicated input context.","src/addresses.cpp; src/addresses.hpp; docs/research/case-studies/settings-pages-and-pagination.md"
D1A84083C6C7C7902162FF098F7D86812839AA6B3575959398857E539C488134,0x956CF0,ERUI_OptionSetting_BuildInlineChoiceList,function,row_support,confirmed,call,true,,"Validated initializer for the native inline option container/template.","src/addresses.cpp; src/addresses.hpp; docs/research/case-studies/settings-pages-and-pagination.md"
D1A84083C6C7C7902162FF098F7D86812839AA6B3575959398857E539C488134,0x94A590,ERUI_OptionSetting_AddSliderRow,function,row_constructor,confirmed,call,true,0x9493F0,"Unique vanilla call target plus prologue validation; live byte-slider rows persist and dispatch correctly.","src/addresses.cpp; src/addresses.hpp; docs/research/case-studies/settings-pages-and-pagination.md"
D1A84083C6C7C7902162FF098F7D86812839AA6B3575959398857E539C488134,0x92AA40,ERUI_OptionSetting_AddActionRow,function,row_constructor,confirmed,call,true,0x9298A0,"Validated native action-row constructor taking two erased callable objects.","src/addresses.cpp; src/addresses.hpp; docs/research/case-studies/settings-pages-and-pagination.md"
D1A84083C6C7C7902162FF098F7D86812839AA6B3575959398857E539C488134,0x743AE0,ERUI_TextReferences_Destroy,function,text,confirmed,call,true,0x742C90,"Validated cleanup used after native row constructors clone temporary text references.","src/addresses.cpp; src/addresses.hpp; docs/research/case-studies/settings-pages-and-pagination.md"
D1A84083C6C7C7902162FF098F7D86812839AA6B3575959398857E539C488134,0x764220,ERUI_NativeUIText_Resolve,function,text,confirmed,hook,true,0x7633D0,"Validated five-argument high-level UI resolver; live custom message IDs resolve through its result contract.","src/addresses.cpp; src/addresses.hpp; docs/research/case-studies/settings-pages-and-pagination.md; docs/research/reference/native-hook-inventory.md"
D1A84083C6C7C7902162FF098F7D86812839AA6B3575959398857E539C488134,0x747CD0,ERUI_OptionSetting_NativeBack,function,event_dispatch,confirmed,hook_and_call,true,0x747CD0,"Typed wrapper preserves a 64-bit action payload; live Back and synthetic Previous Page both reproduce the native pop.","src/addresses.cpp; src/addresses.hpp; docs/research/case-studies/settings-pages-and-pagination.md; docs/research/case-studies/native-dialogs.md"
D1A84083C6C7C7902162FF098F7D86812839AA6B3575959398857E539C488134,0x958FF0,ERUI_OptionSetting_AdvancedSettingsFrame,function,event_dispatch,confirmed,hook,true,0x958FF0,"Typed live detour proved this concrete page boundary owns Advanced Settings navigation/input beneath dialogs.","src/addresses.cpp; src/addresses.hpp; docs/research/case-studies/native-dialogs.md"
D1A84083C6C7C7902162FF098F7D86812839AA6B3575959398857E539C488134,0x74B140,ERUI_Scaleform_ResolvePath,function,scaleform,confirmed,call,true,,"Formats its third argument through a va_list rooted at saved R9 then resolves the path into a 0x60-byte result; production uses only literal paths without format directives.","src/addresses.cpp; src/addresses.hpp; docs/research/case-studies/settings-pages-and-pagination.md; docs/research/case-studies/gfx-presentation.md; docs/research/reference/scene-object-bridge.md"
D1A84083C6C7C7902162FF098F7D86812839AA6B3575959398857E539C488134,0x74AE50,ERUI_ScaleformValue_SetTextW,function,scaleform,confirmed,call,true,,"Validated UTF-16 setter consumes the SceneObjProxy self-link at result +0x08, obtains its embedded CSScaleformValue at +0x28 through virtual slot 1, and changed live inner and outer titles.","src/addresses.cpp; src/addresses.hpp; docs/research/case-studies/settings-pages-and-pagination.md; docs/research/case-studies/gfx-presentation.md; docs/research/reference/scene-object-bridge.md"
D1A84083C6C7C7902162FF098F7D86812839AA6B3575959398857E539C488134,0xD81590,ERUI_CSScaleformValue_Destroy,function,scaleform,confirmed,call,true,,"Static layout and native one-shot call sites confirm destruction of the 0x38-byte CSScaleformValue embedded at SceneObjProxy +0x28, including its GFx::Value base at wrapper +0x08.","src/addresses.cpp; src/addresses.hpp; docs/research/case-studies/settings-pages-and-pagination.md; docs/research/case-studies/gfx-presentation.md"
D1A84083C6C7C7902162FF098F7D86812839AA6B3575959398857E539C488134,0x95D010,ERUI_OptionSetting_AddPopupChoiceRow,function,popup_choice,confirmed,call,true,,"Validated five-argument action-style selector constructor; live two/four/eight-item selectors work and persist.","src/addresses.cpp; src/addresses.hpp; docs/research/case-studies/popup-choice.md"
D1A84083C6C7C7902162FF098F7D86812839AA6B3575959398857E539C488134,0x9623A0,ERUI_PopupChoice_PresentationProviderInvoke,function,popup_choice,confirmed,hook_and_call,true,,"Validated erased-callable invoke builds the popup option container and scopes custom list substitution.","src/addresses.cpp; src/addresses.hpp; docs/research/case-studies/popup-choice.md"
D1A84083C6C7C7902162FF098F7D86812839AA6B3575959398857E539C488134,0x86A610,ERUI_PopupChoice_ConstructListTemplate,function,popup_choice,confirmed,hook_and_call,true,,"Validated initializer creates the 0x920-byte native popup list and its element destruction contract.","src/addresses.cpp; src/addresses.hpp; docs/research/case-studies/popup-choice.md"
D1A84083C6C7C7902162FF098F7D86812839AA6B3575959398857E539C488134,0x962520,ERUI_PopupChoice_ValueProviderInvoke,function,popup_choice,confirmed,vtable_target,true,,"Distinctive validated body returns the selected state byte at captured state +1.","src/addresses.cpp; docs/research/case-studies/popup-choice.md"
D1A84083C6C7C7902162FF098F7D86812839AA6B3575959398857E539C488134,0x962330,ERUI_PopupChoice_CommitActionInvoke,function,popup_choice,confirmed,vtable_target,true,,"Distinctive validated body writes the event byte to captured state +1 and refreshes the page through vtable +0xA0.","src/addresses.cpp; docs/research/case-studies/popup-choice.md"
D1A84083C6C7C7902162FF098F7D86812839AA6B3575959398857E539C488134,0x2B15A78,ERUI_PopupChoice_ValueProviderVtable,vtable,popup_choice,confirmed,callable_metadata,true,,"Callable-vtable scan uniquely binds invoke slot +0x10 to RVA 0x962520 and validates all three slots as executable.","src/addresses.cpp; docs/research/case-studies/popup-choice.md"
D1A84083C6C7C7902162FF098F7D86812839AA6B3575959398857E539C488134,0x2B15AB0,ERUI_PopupChoice_CommitActionVtable,vtable,popup_choice,confirmed,callable_metadata,true,,"Callable-vtable scan uniquely binds invoke slot +0x10 to RVA 0x962330 and validates all three slots as executable.","src/addresses.cpp; docs/research/case-studies/popup-choice.md"
D1A84083C6C7C7902162FF098F7D86812839AA6B3575959398857E539C488134,0x2B15AE8,ERUI_PopupChoice_PresentationProviderVtable,vtable,popup_choice,confirmed,callable_metadata,true,,"Callable-vtable scan uniquely binds invoke slot +0x10 to RVA 0x9623A0 and validates all three slots as executable.","src/addresses.cpp; docs/research/case-studies/popup-choice.md"
D1A84083C6C7C7902162FF098F7D86812839AA6B3575959398857E539C488134,0x7EF6D0,ERUI_CSPopupMenu_Update,function,native_dialog,confirmed,hook,true,,"Unique semantic call sequence and live typed detour preserve popup input while exposing blocking-task retirement.","src/native_dialog.cpp; docs/research/case-studies/native-dialogs.md"
D1A84083C6C7C7902162FF098F7D86812839AA6B3575959398857E539C488134,0x7AE040,ERUI_MenuWindowJob_Poll,function,native_dialog,confirmed,hook,true,,"Validated production hook observes the native response kind after the original MenuWindowJob poll.","src/native_dialog.cpp; docs/research/case-studies/native-dialogs.md"
D1A84083C6C7C7902162FF098F7D86812839AA6B3575959398857E539C488134,0x77BD70,ERUI_DialogDescriptor_Initialize,function,native_dialog,confirmed,call,true,,"Rel32 target derived from the unique native dialog wrapper; production initializes the 0x28-byte descriptor with it.","src/native_dialog.cpp; docs/research/case-studies/native-dialogs.md"
D1A84083C6C7C7902162FF098F7D86812839AA6B3575959398857E539C488134,0x77BE80,ERUI_DialogDescriptor_SetMessageAndLabels,function,native_dialog,confirmed,call,true,,"Rel32 target derived from the unique wrapper; receives descriptor, message ID, primary label and secondary label.","src/native_dialog.cpp; docs/research/case-studies/native-dialogs.md"
D1A84083C6C7C7902162FF098F7D86812839AA6B3575959398857E539C488134,0x77BE10,ERUI_DialogDescriptor_SetFixedOption,function,native_dialog,confirmed,call,true,,"Rel32 target derived from the unique wrapper and live-tested dialog construction path.","src/native_dialog.cpp; docs/research/case-studies/native-dialogs.md"
D1A84083C6C7C7902162FF098F7D86812839AA6B3575959398857E539C488134,0x77BE30,ERUI_Dialog_SetGlobalGenericOption,function,native_dialog,confirmed,call,true,,"Rel32 target derived from the unique wrapper; ignores RCX and writes the option consumed immediately by the builder.","src/native_dialog.cpp; docs/research/case-studies/native-dialogs.md"
D1A84083C6C7C7902162FF098F7D86812839AA6B3575959398857E539C488134,0x7B8660,ERUI_Dialog_BuildMenuWindowJob,function,native_dialog,confirmed,call,true,,"Rel32 target derived from the unique wrapper; creates the native dialog task from popup context, builder kind and descriptor.","src/native_dialog.cpp; docs/research/case-studies/native-dialogs.md"
D1A84083C6C7C7902162FF098F7D86812839AA6B3575959398857E539C488134,0x7AA2E0,ERUI_IntrusiveTaskSlot_AssignConsume,function,native_dialog,confirmed,call,true,,"Native failed-save path and live production dialogs prove consuming assignment into CSPopupMenu +0x298 with a returned temporary reference.","src/native_dialog.cpp; docs/research/case-studies/native-dialogs.md"
D1A84083C6C7C7902162FF098F7D86812839AA6B3575959398857E539C488134,0x1EBC000,ERUI_IntrusiveReference_ReleaseCount,function,lifetime,confirmed,call,true,,"Rel32 target from MenuWindowJob poll; production calls it on job +0x08 and conditionally dispatches vtable[0] when the previous count is one.","src/native_dialog.cpp; docs/research/case-studies/native-dialogs.md"
D1A84083C6C7C7902162FF098F7D86812839AA6B3575959398857E539C488134,0x3D6F820,ERUI_FEManager_GlobalSlot,data,native_dialog,confirmed,read,true,,"RIP-relative target from the unique scheduler wrapper; dereference plus +0x80 reaches the live CSPopupMenu singleton.","src/native_dialog.cpp; docs/research/case-studies/native-dialogs.md"
D1A84083C6C7C7902162FF098F7D86812839AA6B3575959398857E539C488134,0x8141B0,ERUI_Dialog_SchedulerWrapperAnchor,function,native_dialog,confirmed,research_anchor,true,,"Unique wrapper resolves FE manager +0x80, builds against popup +0x10 and submits through the current top-menu scheduler.","src/native_dialog.cpp"
D1A84083C6C7C7902162FF098F7D86812839AA6B3575959398857E539C488134,0x813F60,ERUI_Dialog_DescriptorBuilderWrapperAnchor,function,native_dialog,confirmed,research_anchor,true,,"Unique function containing the five rel32 calls used to derive descriptor initialization, options and task construction.","src/native_dialog.cpp"
D1A84083C6C7C7902162FF098F7D86812839AA6B3575959398857E539C488134,0x7F14C0,ERUI_NativeFailedSaveAlertPath,function,native_dialog,confirmed,research_anchor,true,,"Bounded tracing established native blocking-dialog ownership, popup +0x298 installation and popup +0x10 construction from this path.","docs/research/case-studies/native-dialogs.md"
D1A84083C6C7C7902162FF098F7D86812839AA6B3575959398857E539C488134,0x7AA480,ERUI_IntrusiveTaskSlot_UpdateAndRetire,function,event_dispatch,confirmed,research_context,true,,"Generic task-slot helper retains the current task invokes virtual slot 2 and clears/releases the same slot when the first status DWORD is greater than one; MenuWindow and CSPopupMenu are among its many callers.","docs/research/architecture/input-and-event-dispatch.md; docs/research/case-studies/native-dialogs.md"
D1A84083C6C7C7902162FF098F7D86812839AA6B3575959398857E539C488134,0x7AA0D0,ERUI_IntrusiveTaskQueue_SubmitConsume,function,event_dispatch,confirmed,research_anchor,true,,"Temporarily retains and attempts bounded insertion into the page +0x10 queue then consumes the caller's reference regardless of success; bounded real-Back traces confirm this owner.","docs/research/case-studies/settings-pages-and-pagination.md; docs/research/architecture/input-and-event-dispatch.md"
D1A84083C6C7C7902162FF098F7D86812839AA6B3575959398857E539C488134,0x7A9600,ERUI_IntrusiveTaskDeque_PopFrontRetained,function,event_dispatch,confirmed,research_context,true,,"Retains the front pointer before removing the queue-owned entry; 0x7AA1F0 uses the result when its active slot is empty and queued size is nonzero.","docs/research/architecture/input-and-event-dispatch.md"
D1A84083C6C7C7902162FF098F7D86812839AA6B3575959398857E539C488134,0x7AA1F0,ERUI_IntrusiveTaskQueue_UpdateOne,function,event_dispatch,confirmed,research_context,true,,"Each MenuWindow slot-2 invocation calls this with page +0x10; when active is empty it promotes at most one queued task then updates the active slot through 0x7AA480.","docs/research/architecture/input-and-event-dispatch.md; docs/research/architecture/native-ui-system.md"
D1A84083C6C7C7902162FF098F7D86812839AA6B3575959398857E539C488134,0x747850,ERUI_OptionSetting_DispatchPageAction,function,event_dispatch,confirmed,research_anchor,true,,"PE unwind bounds and disassembly identify the inner page/action routine that submits through RVA 0x7AA0D0.","docs/research/case-studies/settings-pages-and-pagination.md"
D1A84083C6C7C7902162FF098F7D86812839AA6B3575959398857E539C488134,0x9580C0,ERUI_OptionSetting_AdvancedSettingsBackMethod,function,event_dispatch,confirmed,research_anchor,true,,"Concrete page method constructs packed action {3,0} and calls the validated native Back wrapper through vtable +0x60.","docs/research/case-studies/settings-pages-and-pagination.md"
D1A84083C6C7C7902162FF098F7D86812839AA6B3575959398857E539C488134,0x7AA060,ERUI_UIAction_ConstructPacked,function,event_dispatch,inferred,research_context,false,,"Observed constructing the two-DWORD {3,0} payload used by the concrete Back method; broader action semantics are not yet mapped.","docs/research/case-studies/settings-pages-and-pagination.md"
D1A84083C6C7C7902162FF098F7D86812839AA6B3575959398857E539C488134,0x7AA090,ERUI_UIAction_TestKind,function,event_dispatch,inferred,research_context,false,,"The Back wrapper tests the action low DWORD through this helper and branches specially for kind 2; exact contract remains incomplete.","docs/research/case-studies/settings-pages-and-pagination.md"
D1A84083C6C7C7902162FF098F7D86812839AA6B3575959398857E539C488134,0x94ED90,ERUI_PopupChoice_ObservedAdditionalListBuilder,function,popup_choice,confirmed,research_anchor,true,,"Observed during popup-choice tracing; production deliberately does not call it and its narrower role remains unmapped.","docs/research/case-studies/popup-choice.md"
D1A84083C6C7C7902162FF098F7D86812839AA6B3575959398857E539C488134,0x76799F,ERUI_Anchor_PopupBlockingSlotInputTest,instruction,native_dialog,confirmed,research_anchor,true,,"Instruction tests CSPopupMenu +0x298 and gates the frontend input byte while a blocking task exists.","docs/research/case-studies/native-dialogs.md"
D1A84083C6C7C7902162FF098F7D86812839AA6B3575959398857E539C488134,0x7EFC36,ERUI_Callsite_UpdateBlockingDialogTask,instruction,native_dialog,confirmed,research_anchor,true,,"CSPopupMenu update call site targeting RVA 0x7AA480 for the +0x298 blocking task.","docs/research/case-studies/native-dialogs.md"
D1A84083C6C7C7902162FF098F7D86812839AA6B3575959398857E539C488134,0x747BEA,ERUI_Callsite_SubmitPageAction,instruction,event_dispatch,confirmed,research_anchor,true,,"Repeated real-Back trace captured this call site targeting RVA 0x7AA0D0.","docs/research/case-studies/settings-pages-and-pagination.md"
D1A84083C6C7C7902162FF098F7D86812839AA6B3575959398857E539C488134,0x74293B,ERUI_Callsite_ResolvePersistentPageTitle,instruction,scaleform,confirmed,research_anchor,true,,"Current-build page-construction call resolves the persistent MenuTitle path result stored at page +0x230.","src/addresses.cpp; docs/research/case-studies/gfx-presentation.md"
D1A84083C6C7C7902162FF098F7D86812839AA6B3575959398857E539C488134,0x74BEC5,ERUI_Callsite_DestroyTemporaryScaleformResult,instruction,scaleform,confirmed,research_anchor,true,,"Current-build one-shot path call cleans the temporary result's nested member and anchors the replicated lifetime contract.","src/addresses.cpp; docs/research/case-studies/gfx-presentation.md"
D1A84083C6C7C7902162FF098F7D86812839AA6B3575959398857E539C488134,0x7F1566,ERUI_Callsite_InstallBlockingDialogTask,instruction,native_dialog,confirmed,research_anchor,true,,"Unique failed-save call site targets consuming intrusive assignment RVA 0x7AA2E0 for popup +0x298.","src/native_dialog.cpp; docs/research/case-studies/native-dialogs.md"
D1A84083C6C7C7902162FF098F7D86812839AA6B3575959398857E539C488134,0x7679DB,ERUI_Callsite_CSPopupMenuUpdate,instruction,native_dialog,confirmed,research_anchor,true,,"Unique frontend-frame sequence calls CSPopupMenu::update at RVA 0x7EF6D0 with the shared input-enabled byte.","src/native_dialog.cpp; docs/research/case-studies/native-dialogs.md"
D1A84083C6C7C7902162FF098F7D86812839AA6B3575959398857E539C488134,0x9536F0,ERUI_Rejected_AdvancedSettingsInputCandidate,function,rejected,rejected,rejected,false,,"A typed live suppression did not stop selection movement; this 60 Hz function is not the page navigation/input authority.","docs/research/case-studies/native-dialogs.md"
D1A84083C6C7C7902162FF098F7D86812839AA6B3575959398857E539C488134,0x733F00,ERUI_ComponentProxy_InitializeSelfLinks,function,scaleform,confirmed,research_context,true,,"Leaf base initializer installs CS::ComponentProxy vtable 0x2A92B88 and stores this at +0x08 +0x10 and +0x18; derived SceneObjProxy constructors replace the vtable afterward.","docs/research/reference/scene-object-bridge.md; docs/research/case-studies/gfx-presentation.md"
D1A84083C6C7C7902162FF098F7D86812839AA6B3575959398857E539C488134,0x74B610,ERUI_SceneObjProxy_ConstructResolvedPath,function,scaleform,confirmed,research_context,true,,"Constructs a 0x60-byte proxy result copies owner +0x20 and resolves the supplied path into embedded value +0x28.","docs/research/reference/scene-object-bridge.md"
D1A84083C6C7C7902162FF098F7D86812839AA6B3575959398857E539C488134,0x74C930,ERUI_SceneObjProxy_GetScaleformValueA,function,scaleform,confirmed,research_context,true,,"Leaf accessor returns this +0x28.","docs/research/reference/scene-object-bridge.md"
D1A84083C6C7C7902162FF098F7D86812839AA6B3575959398857E539C488134,0x74C940,ERUI_SceneObjProxy_GetScaleformValueB,function,scaleform,confirmed,research_context,true,,"Leaf accessor returns this +0x28; the const/mutable distinction is not recoverable from machine code.","docs/research/reference/scene-object-bridge.md"
D1A84083C6C7C7902162FF098F7D86812839AA6B3575959398857E539C488134,0xD81680,ERUI_GFxValue_GetMember,function,scaleform,confirmed,research_context,true,,"Accepts object-like kinds and dispatches the embedded GFx object interface slot +0x20 with member name and destination storage.","docs/research/reference/scene-object-bridge.md"
D1A84083C6C7C7902162FF098F7D86812839AA6B3575959398857E539C488134,0xD81710,ERUI_GFxValue_ResolveSlashPath,function,scaleform,confirmed,research_context,true,,"Splits slash-delimited paths resolves each component through GetMember and releases intermediates; non-final components longer than 0x20 bytes trigger the native range check.","docs/research/reference/scene-object-bridge.md"
D1A84083C6C7C7902162FF098F7D86812839AA6B3575959398857E539C488134,0xD7D540,ERUI_Scaleform_AcquireGfxResource,function,scaleform,confirmed,research_context,true,,"Formats menu:/Win/%s.gfx first then menu:/%s.gfx and returns game resource ownership without creating a live movie.","docs/research/architecture/scaleform-movie-lifecycle.md; docs/research/architecture/native-ui-system.md"
D1A84083C6C7C7902162FF098F7D86812839AA6B3575959398857E539C488134,0xD7C370,ERUI_Scaleform_AcquireMovieDefinition,function,scaleform,confirmed,research_context,true,,"Looks up the +0x9A8 definition tree loads a missing definition and conditionally inserts it when Scaleform.SwfCache and descriptor byte +0x04 permit.","docs/research/architecture/scaleform-movie-lifecycle.md; docs/research/architecture/native-ui-system.md"
D1A84083C6C7C7902162FF098F7D86812839AA6B3575959398857E539C488134,0xD72CC0,ERUI_Scaleform_LoadMovieDefinitionFromWidePath,function,scaleform,confirmed,research_context,true,,"Converts the resolved wide path calls the linked loader boundary with zero per-call flags and wraps the returned raw definition in CSScaleformMovieDef.","docs/research/architecture/scaleform-movie-lifecycle.md; docs/research/architecture/native-ui-system.md"
D1A84083C6C7C7902162FF098F7D86812839AA6B3575959398857E539C488134,0xD719C0,ERUI_ScaleformSwfPlayer_Construct,function,scaleform,confirmed,research_context,true,,"Constructs the 0xE8-byte RTTI-validated CSScaleformSwfPlayer retains its definition creates the raw movie and configures initial movie state.","docs/research/architecture/scaleform-movie-lifecycle.md; docs/research/architecture/native-ui-system.md"
D1A84083C6C7C7902162FF098F7D86812839AA6B3575959398857E539C488134,0xD7C900,ERUI_Scaleform_CreateOrRegisterSwfPlayer,function,scaleform,confirmed,research_context,true,,"Finds or creates a named 0xE8-byte player and routes it through descriptor-dependent name-list cache and lifecycle collections.","docs/research/architecture/scaleform-movie-lifecycle.md; docs/research/architecture/native-ui-system.md"
D1A84083C6C7C7902162FF098F7D86812839AA6B3575959398857E539C488134,0xD73850,ERUI_ScaleformSwfPlayer_FrameStep,function,scaleform,confirmed,research_context,true,,"Per-player frame helper performs wrapper work then calls raw movie virtual +0xC0 with delta catch-up 2 and capture false; the Advance name remains inferred.","docs/research/architecture/scaleform-movie-lifecycle.md; docs/research/architecture/native-ui-system.md"
D1A84083C6C7C7902162FF098F7D86812839AA6B3575959398857E539C488134,0xD7ADE0,ERUI_ScaleformSystem_UpdatePlayersAndRelatedState,function,scaleform,confirmed,research_context,true,,"Under +0xDA0 lock iterates +0x9D8/+0xBE0 through the player frame step and later coordinates the secondary +0xBE8/+0xCF0 vector; remaining work is unresolved.","docs/research/architecture/scaleform-movie-lifecycle.md; docs/research/architecture/native-ui-system.md"
D1A84083C6C7C7902162FF098F7D86812839AA6B3575959398857E539C488134,0xD71EC0,ERUI_ScaleformSwfPlayer_Destroy,function,scaleform,confirmed,research_context,true,,"RTTI-validated destructor releases the raw movie before the retained CSScaleformMovieDef and remaining player-owned members.","docs/research/architecture/scaleform-movie-lifecycle.md; docs/research/architecture/native-ui-system.md"
D1A84083C6C7C7902162FF098F7D86812839AA6B3575959398857E539C488134,0xD76E20,ERUI_ScaleformSystem_Destroy,function,scaleform,confirmed,research_context,true,,"RTTI-validated system destructor retires caches players loader bridge queue log resident resources and pairs field +0x950 with Scaleform::System::Destroy.","docs/research/architecture/scaleform-movie-lifecycle.md; docs/research/architecture/native-ui-system.md"
D1A84083C6C7C7902162FF098F7D86812839AA6B3575959398857E539C488134,0xD6D790,ERUI_ScaleformFsCommandHandler_NoOp,function,scaleform,confirmed,research_context,true,,"CSScaleformFsCommandHandler vtable slot 1 targets the exact leaf bytes C2 00 00 (ret 0); the installed game override performs no dispatch.","docs/research/architecture/scaleform-movie-lifecycle.md; docs/research/architecture/native-ui-system.md"
D1A84083C6C7C7902162FF098F7D86812839AA6B3575959398857E539C488134,0x74AF90,ERUI_SceneObj_TextGetMaxHorizontalScroll,function,scaleform,confirmed,research_context,true,,"TextField call sites use this value as the horizontal scroll bound; low-level geometry converts twips with 0.05f.","docs/research/reference/scene-object-bridge.md"
D1A84083C6C7C7902162FF098F7D86812839AA6B3575959398857E539C488134,0x74AFC0,ERUI_SceneObj_TextGetMaxVerticalScroll,function,scaleform,confirmed,research_context,true,,"Returns the TextField maximum vertical scroll used by the native scroll controller clamp.","docs/research/reference/scene-object-bridge.md"
D1A84083C6C7C7902162FF098F7D86812839AA6B3575959398857E539C488134,0x74AFF0,ERUI_SceneObj_TextGetVerticalScroll,function,scaleform,confirmed,research_context,true,,"Returns current TextField vertical scroll before and after native controller updates.","docs/research/reference/scene-object-bridge.md"
D1A84083C6C7C7902162FF098F7D86812839AA6B3575959398857E539C488134,0x74B080,ERUI_SceneObj_TextSetHorizontalScroll,function,scaleform,confirmed,research_context,true,,"Writes horizontal scroll through the TextField path after conversion to twips by 20.0f.","docs/research/reference/scene-object-bridge.md"
D1A84083C6C7C7902162FF098F7D86812839AA6B3575959398857E539C488134,0x74B0C0,ERUI_SceneObj_TextSetVerticalScroll,function,scaleform,confirmed,research_context,true,,"Writes vertical scroll through the TextField routine and invalidates the field.","docs/research/reference/scene-object-bridge.md"
D1A84083C6C7C7902162FF098F7D86812839AA6B3575959398857E539C488134,0x7463C0,ERUI_MenuWindow_FrameDispatch,function,event_dispatch,confirmed,research_context,true,,"MenuWindow RTTI slot 2; propagates a frame value and local input gate through native row/controller and page update passes.","docs/research/architecture/input-and-event-dispatch.md; docs/research/architecture/native-ui-system.md"
D1A84083C6C7C7902162FF098F7D86812839AA6B3575959398857E539C488134,0x86BCB0,ERUI_ConfigureAndAttachTextInputControllerToEditProperty,function,text_input,confirmed,research_context,true,,"Hides the other row widgets shows Widgets/TextInput allocates and constructs the 0x290-byte TextInputController attaches it to the supplied temporary EditProperty row and returns that row; it does not insert into the page collection.","docs/research/case-studies/text-input.md; docs/research/architecture/input-and-event-dispatch.md"
D1A84083C6C7C7902162FF098F7D86812839AA6B3575959398857E539C488134,0x976EF0,ERUI_Candidate_AddTextInputRow,function,text_input,inferred,research_context,false,,"Nine-argument producer resolves TextInput paths composes the editor completion and disabled callables attaches the controller and appends a copied row to the owner fixed vector; both native callsites are in CS::MatchingDialog construction, while the human-facing field remains unverified.","docs/research/case-studies/text-input.md"
D1A84083C6C7C7902162FF098F7D86812839AA6B3575959398857E539C488134,0x977CB0,ERUI_TextInputController_Construct,function,text_input,confirmed,research_context,true,,"Constructor installs the validated TextInputController vtable and initializes its resolved fields providers bound value and owned strings.","docs/research/case-studies/text-input.md"
D1A84083C6C7C7902162FF098F7D86812839AA6B3575959398857E539C488134,0x978260,ERUI_TextInputController_Refresh,function,text_input,confirmed,research_context,true,,"Validated vtable slot 2 refreshes availability bound text Text_0 GrayoutItem and TextOnEmpty.","docs/research/case-studies/text-input.md; docs/research/architecture/input-and-event-dispatch.md"
D1A84083C6C7C7902162FF098F7D86812839AA6B3575959398857E539C488134,0x7F6BF0,ERUI_TextInputDialog_Create,function,text_input,confirmed,research_context,true,,"Factory allocates 0xBC0 bytes clones the supplied erased completion callable and invokes the TextInputDialog constructor.","docs/research/case-studies/text-input.md"
D1A84083C6C7C7902162FF098F7D86812839AA6B3575959398857E539C488134,0x9B9E00,ERUI_TextInputDialog_Construct,function,text_input,confirmed,research_context,true,,"Constructor installs the RTTI-validated TextInputDialog vtable resolves TextInput fields configures presentation and retains completion state.","docs/research/case-studies/text-input.md; docs/research/architecture/input-and-event-dispatch.md"
D1A84083C6C7C7902162FF098F7D86812839AA6B3575959398857E539C488134,0x9BA0A0,ERUI_TextInputDialog_FrameAndComplete,function,text_input,confirmed,research_context,true,,"Validated TextInputDialog slot 2 disables base MenuWindow input forwards the real gate to the editor and submits native commit/cancel close actions once.","docs/research/architecture/input-and-event-dispatch.md; docs/research/architecture/native-ui-system.md"
D1A84083C6C7C7902162FF098F7D86812839AA6B3575959398857E539C488134,0x7507B0,ERUI_TextInput_UpdateEditor,function,text_input,confirmed,research_context,true,,"Consumes pad predicates and engine-copied Win32 key character and mouse records then dispatches synthesized events through movie virtual offset +0x118.","docs/research/architecture/input-and-event-dispatch.md"
D1A84083C6C7C7902162FF098F7D86812839AA6B3575959398857E539C488134,0x750C50,ERUI_TextInput_TranslateKeyEvent,function,text_input,confirmed,research_context,true,,"Maps virtual keys uses GetKeyboardState and ToAscii adds modifier state and submits the synthesized keyboard event through movie virtual offset +0x118.","docs/research/architecture/input-and-event-dispatch.md"
D1A84083C6C7C7902162FF098F7D86812839AA6B3575959398857E539C488134,0x81CCB0,ERUI_SoftwareKeyboardJob_Construct,function,text_input,confirmed,research_context,true,,"Constructs the 0x1A8-byte RTTI-validated SoftwareKeyboardJob and creates and registers its 0x20-byte MenuMemberJob adapter; backend and callback semantics remain unknown.","docs/research/case-studies/text-input.md; docs/research/reference/native-ui-class-hierarchy.md"
D1A84083C6C7C7902162FF098F7D86812839AA6B3575959398857E539C488134,0x7AC700,ERUI_SoftwareKeyboardJob_Update,function,text_input,confirmed,research_context,true,,"RTTI-validated SoftwareKeyboardJob slot 2 polls an owned child job stores its status and retires the child when appropriate; numeric status meanings remain unknown.","docs/research/case-studies/text-input.md; docs/research/reference/native-ui-class-hierarchy.md"
D1A84083C6C7C7902162FF098F7D86812839AA6B3575959398857E539C488134,0x81D9D0,ERUI_SoftwareKeyboardMemberJob_Update,function,text_input,confirmed,research_context,true,,"RTTI-validated MenuMemberJob<SoftwareKeyboardJob> slot 2 invokes the callback target stored at +0x18 on the owning job stored at +0x10.","docs/research/case-studies/text-input.md; docs/research/reference/native-ui-class-hierarchy.md"
D1A84083C6C7C7902162FF098F7D86812839AA6B3575959398857E539C488134,0x807430,ERUI_OptionSetting_TopDialog_Create,function,option_setting_architecture,confirmed,research_context,true,,"Allocates the exact 0x18A0-byte top dialog, obtains its scene-object value, calls RVA 0x9672C0 and retires the temporary Scaleform value.","docs/research/architecture/configuration-class-map.md"
D1A84083C6C7C7902162FF098F7D86812839AA6B3575959398857E539C488134,0x9672C0,ERUI_OptionSetting_TopDialog_Construct,function,option_setting_architecture,confirmed,research_context,true,,"Calls the MenuWindow base constructor, installs the RTTI-validated top vtable and constructs the selector, fixed category list, composite panel manager and nested tab controller.","docs/research/architecture/configuration-class-map.md"
D1A84083C6C7C7902162FF098F7D86812839AA6B3575959398857E539C488134,0x9680D0,ERUI_OptionSetting_SettingTabControl_FrameDispatch,function,option_setting_architecture,confirmed,research_context,true,,"RTTI-validated nested-controller slot 2 gates selector input through the composite manager and suppresses active-panel input on a tab-transition frame.","docs/research/architecture/configuration-class-map.md"
D1A84083C6C7C7902162FF098F7D86812839AA6B3575959398857E539C488134,0x93C090,ERUI_OptionSetting_CompositeDialog_Construct,function,option_setting_architecture,confirmed,research_context,true,,"Installs the composite-manager vtable, initializes its scene proxy, ten panel-cache slots, current-panel slot and erased callback storage.","docs/research/architecture/configuration-class-map.md"
D1A84083C6C7C7902162FF098F7D86812839AA6B3575959398857E539C488134,0x93C8B0,ERUI_OptionSetting_CompositeDialog_TestTabInputReady,function,option_setting_architecture,confirmed,research_context,true,,"Tests current-panel slot 10 and a state rooted at panel +0x10; the nested tab controller forwards real selector input only when this helper returns true.","docs/research/architecture/configuration-class-map.md"
D1A84083C6C7C7902162FF098F7D86812839AA6B3575959398857E539C488134,0x93D5E0,ERUI_OptionSetting_CompositeDialog_FrameCurrentPanel,function,option_setting_architecture,confirmed,research_context,true,,"Forwards the frame value and input gate to slot 2 of the current OptionSettingDialog stored at composite offset +0xB8.","docs/research/architecture/configuration-class-map.md"
D1A84083C6C7C7902162FF098F7D86812839AA6B3575959398857E539C488134,0x968CF0,ERUI_OptionSetting_MenuOptionCategoryVector_Append,function,option_setting_architecture,confirmed,research_context,true,,"Appends one copied 0x88-byte MenuOptionCategory to the top dialog's fixed-capacity-ten inline vector and updates its count.","docs/research/architecture/configuration-class-map.md"
D1A84083C6C7C7902162FF098F7D86812839AA6B3575959398857E539C488134,0x809D30,ERUI_OptionSetting_PanelFactory_Invoke,function,option_setting_architecture,confirmed,research_context,true,,"RTTI-validated std::_Func_impl invoke slot calls its raw +0x08 target as OptionSettingDialog*(SceneObjProxy const&, MENU_OPTION_DATA const&, bool).","docs/research/architecture/configuration-class-map.md"
D1A84083C6C7C7902162FF098F7D86812839AA6B3575959398857E539C488134,0x915D70,ERUI_TextInputEditorFactoryWrapper_Construct,function,text_input,confirmed,research_context,true,,"Constructs the exact MSVC erased editor-factory wrapper around a supplied compatible five-argument factory target; the TextInput producer consumes this source wrapper.","src/native_text_input.cpp; docs/research/case-studies/text-input.md"
D1A84083C6C7C7902162FF098F7D86812839AA6B3575959398857E539C488134,0x81D610,ERUI_CharacterCreationTextEditorFactory,function,text_input,confirmed,research_context,true,,"ABI-compatible editor wrapper used by the character-creation dialog cluster; selects 02_990_TextInput and factory 0x81CFD0 with the coherent native 16-character profile.","src/addresses.cpp; docs/research/case-studies/text-input.md"
D1A84083C6C7C7902162FF098F7D86812839AA6B3575959398857E539C488134,0x81CFD0,ERUI_CharacterCreationSoftwareKeyboardJob_Create,function,text_input,confirmed,research_context,true,,"Creates the SoftwareKeyboardJob configured by helper 0xE72A00 for 02_990_TextInput with max-like value 0x10 and its paired mode and flags.","docs/research/case-studies/text-input.md"
D1A84083C6C7C7902162FF098F7D86812839AA6B3575959398857E539C488134,0x6766F0,ERUI_MenuString_ConstructBorrowedLiteral,function,text_input,confirmed,research_context,true,,"Constructs a native CS::MenuString retaining a borrowed UTF-16 literal and initializing its allocator-backed fallback; the literal must outlive every retained copy.","src/native_text_input.cpp; docs/research/case-studies/text-input.md"
D1A84083C6C7C7902162FF098F7D86812839AA6B3575959398857E539C488134,0x7E5740,ERUI_CharacterCreationNameInput_Launch,function,text_input,confirmed,research_context,true,,"Resolves Value/Input in the character-creation command-list movie extracts its Scaleform position and directly invokes the 0x81D610 character-creation editor wrapper.","docs/research/case-studies/text-input.md"
D1A84083C6C7C7902162FF098F7D86812839AA6B3575959398857E539C488134,0x83C630,ERUI_CharacterCreationCommandItem_Render,function,text_input,confirmed,research_context,true,,"Function-pointer renderer for a character-command row; selects the Value presentation, writes the current character name or localized label 0x9CB8 with style argument 2, and hides Value/Input, which remains the separate activation anchor. Its apparent two-argument ABI is inferred from decompilation.","docs/research/case-studies/text-input.md"
D1A84083C6C7C7902162FF098F7D86812839AA6B3575959398857E539C488134,0xD83770,ERUI_ScaleformDisplayObject_GetWorldPosition,function,scaleform,confirmed,research_context,true,,"Invokes the display object's world-matrix path transforms local origin (0 0) and converts the resulting twip coordinates to pixel floats used by native overlay factories.","docs/research/case-studies/text-input.md"
D1A84083C6C7C7902162FF098F7D86812839AA6B3575959398857E539C488134,0x240110,ERUI_InputToken_ModifierToAuxiliary,function,input_binding,confirmed,research_context,true,,"Maps a keyboard modifier accompanying an ordinary key to the stored Ctrl Alt or Shift auxiliary family.","docs/reference/input-values-and-codec.md; docs/research/case-studies/input-bindings.md"
D1A84083C6C7C7902162FF098F7D86812839AA6B3575959398857E539C488134,0x240220,ERUI_InputToken_ToPhysicalChannel,function,input_binding,confirmed,research_context,true,,"Maps controller keyboard and mouse binding tokens to the physical channel queried by the per-frame dispatcher.","docs/reference/input-values-and-codec.md; docs/research/case-studies/input-bindings.md"
D1A84083C6C7C7902162FF098F7D86812839AA6B3575959398857E539C488134,0x23FBE0,ERUI_ControllerToken_MaximumThreshold,function,input_binding,confirmed,research_context,true,,"Returns the signed upper threshold for a controller analog token and proves the negative-side directional alias set.","docs/reference/input-values-and-codec.md; docs/research/case-studies/input-bindings.md"
D1A84083C6C7C7902162FF098F7D86812839AA6B3575959398857E539C488134,0x23FCA0,ERUI_ControllerToken_MinimumThreshold,function,input_binding,confirmed,research_context,true,,"Returns the signed lower threshold for a controller analog token and proves the negative-side directional alias set.","docs/reference/input-values-and-codec.md; docs/research/case-studies/input-bindings.md"
D1A84083C6C7C7902162FF098F7D86812839AA6B3575959398857E539C488134,0x23FD60,ERUI_ControllerToken_FormatGlyph,function,input_binding,confirmed,research_context,true,,"Recognizes the exhaustive controller token set and selects the corresponding native controller glyph reference.","docs/reference/input-values-and-codec.md; docs/research/case-studies/input-bindings.md"
D1A84083C6C7C7902162FF098F7D86812839AA6B3575959398857E539C488134,0x2403F0,ERUI_KeyboardModifierCandidateList,function,input_binding,confirmed,research_context,true,,"Constructs the six native keyboard modifier candidates used by binding capture.","docs/reference/input-values-and-codec.md; docs/research/case-studies/input-bindings.md"
D1A84083C6C7C7902162FF098F7D86812839AA6B3575959398857E539C488134,0x2404F0,ERUI_KeyboardEditorCandidateList,function,input_binding,confirmed,research_context,true,,"Constructs the 62 ordinary keyboard tokens considered by the native assignment editor.","docs/reference/input-values-and-codec.md; docs/research/case-studies/input-bindings.md"
D1A84083C6C7C7902162FF098F7D86812839AA6B3575959398857E539C488134,0x2409B0,ERUI_MouseEditorCandidateList,function,input_binding,confirmed,research_context,true,,"Constructs the ten mouse tokens used by native assignment capture.","docs/reference/input-values-and-codec.md; docs/research/case-studies/input-bindings.md"
D1A84083C6C7C7902162FF098F7D86812839AA6B3575959398857E539C488134,0x240AF0,ERUI_ControllerEditorCandidateList,function,input_binding,confirmed,research_context,true,,"Constructs the sixteen controller candidates including fourteen live-assignable controls plus Back and Start family tokens.","docs/reference/input-values-and-codec.md; docs/research/case-studies/input-bindings.md"
D1A84083C6C7C7902162FF098F7D86812839AA6B3575959398857E539C488134,0x750EE0,ERUI_KeyboardToken_FormatForLayout,function,input_binding,confirmed,research_context,true,,"Applies the active physical-keyboard layout profile before native key-label lookup.","docs/reference/input-values-and-codec.md; docs/research/case-studies/input-bindings.md"
D1A84083C6C7C7902162FF098F7D86812839AA6B3575959398857E539C488134,0x7517E0,ERUI_KeyboardToken_RemapFrenchAzerty,function,input_binding,confirmed,research_context,true,,"Remaps stable physical keyboard positions for French AZERTY display labels.","docs/reference/input-values-and-codec.md; docs/research/case-studies/input-bindings.md"
D1A84083C6C7C7902162FF098F7D86812839AA6B3575959398857E539C488134,0x751890,ERUI_KeyboardToken_RemapDvorak,function,input_binding,confirmed,research_context,true,,"Remaps stable physical keyboard positions for Dvorak display labels.","docs/reference/input-values-and-codec.md; docs/research/case-studies/input-bindings.md"
D1A84083C6C7C7902162FF098F7D86812839AA6B3575959398857E539C488134,0x751A10,ERUI_KeyboardToken_LookupNativeLabel,function,input_binding,confirmed,research_context,true,,"Looks up the native keycap label after layout-specific physical-position remapping.","docs/reference/input-values-and-codec.md; docs/research/case-studies/input-bindings.md"
D1A84083C6C7C7902162FF098F7D86812839AA6B3575959398857E539C488134,0xE106A0,ERUI_ControllerAlias_ResolveConfirm,function,input_binding,confirmed,research_context,true,,"Resolves the layout-relative Confirm alias to the appropriate face button for the regional confirm/cancel setting.","docs/reference/input-values-and-codec.md; docs/research/case-studies/input-bindings.md"
D1A84083C6C7C7902162FF098F7D86812839AA6B3575959398857E539C488134,0xE10720,ERUI_ControllerAlias_ResolveCancel,function,input_binding,confirmed,research_context,true,,"Resolves the layout-relative Cancel alias to the face button opposite Confirm.","docs/reference/input-values-and-codec.md; docs/research/case-studies/input-bindings.md"
D1A84083C6C7C7902162FF098F7D86812839AA6B3575959398857E539C488134,0xE32210,ERUI_KeyboardRuntimeTokenScan,function,input_binding,confirmed,research_context,true,,"Scans the exact 85-token keyboard runtime list including editor candidates function keys and additional numpad operators.","docs/reference/input-values-and-codec.md; docs/research/case-studies/input-bindings.md"
D1A84083C6C7C7902162FF098F7D86812839AA6B3575959398857E539C488134,0xE32890,ERUI_MouseRuntimeTokenScan,function,input_binding,confirmed,research_context,true,,"Scans the ten-token mouse runtime list used for action activation.","docs/reference/input-values-and-codec.md; docs/research/case-studies/input-bindings.md"
D1A84083C6C7C7902162FF098F7D86812839AA6B3575959398857E539C488134,0x751560,ERUI_InputDescriptor_FormatTextOrFallback,function,input_binding,confirmed,research_context,true,,"Formats a resolved binding descriptor and substitutes native label 0x39224 when resolution produces an empty string.","docs/reference/input-values-and-codec.md; docs/research/case-studies/input-bindings.md"
D1A84083C6C7C7902162FF098F7D86812839AA6B3575959398857E539C488134,0x751F7C,ERUI_KeyboardToken_UnsupportedDefault,instruction,input_binding,confirmed,research_context,true,,"Shared keyboard-label switch default; produces a negative label identifier for unsupported tokens including every F1 through F12 token.","docs/reference/input-values-and-codec.md; docs/research/case-studies/input-bindings.md"
D1A84083C6C7C7902162FF098F7D86812839AA6B3575959398857E539C488134,0x763C80,ERUI_TextDescriptor_Resolve,function,input_binding,confirmed,research_context,true,,"Resolves a native text descriptor; label identifiers below one produce an empty string without a MsgRepository lookup.","docs/reference/input-values-and-codec.md; docs/research/case-studies/input-bindings.md"
D1A84083C6C7C7902162FF098F7D86812839AA6B3575959398857E539C488134,0x8684D0,ERUI_KeyConfiguration_AssignmentRowRender,function,input_binding,confirmed,research_context,true,,"Renders an assignment row and writes its formatted UTF-16 binding label into the generic Scaleform text field.","docs/reference/input-values-and-codec.md; docs/research/case-studies/input-bindings.md"
D1A84083C6C7C7902162FF098F7D86812839AA6B3575959398857E539C488134,0x750FB0,ERUI_InputLabel_ConstructUnboundFallback,function,input_binding,confirmed,research_context,true,,"Constructs native label 0x39224 used as the four-dash fallback when a binding descriptor resolves to empty text.","docs/reference/input-values-and-codec.md; docs/research/case-studies/input-bindings.md"
